<?xml version="1.0" encoding="utf-8"?>
<layer-list xmlns:android="http://schemas.android.com/apk/res/android" xmlns:app="http://schemas.android.com/apk/res-auto" xmlns:aapt="http://schemas.android.com/aapt">
    <item android:id="@+id/dropdown_background">
        <shape android:shape="rectangle">
            <solid android:color="@android:color/transparent"/>
        </shape>
    </item>
    <item android:gravity="right|center_vertical|center_horizontal|center|end" android:id="@+id/dropdown_icon" android:tint="@android:color/black" android:color="@android:color/black">
        <ripple android:color="@android:color/darker_gray" android:radius="18dp">
            <item android:id="@android:id/mask">
                <shape android:shape="rectangle">
                    <solid android:color="@android:color/white"/>
                    <corners android:radius="18dp"/>
                </shape>
            </item>
            <item>
                <selector>
                    <item android:drawable="@drawable/ic_dropdown"/>
                </selector>
            </item>
        </ripple>
    </item>
</layer-list>
